title,url,discounted_price,original_price
Transparent Anti Droplet Dust-proof Medical Face Shield Face Cover Mask HHI-581539,https://www.tinydeal.com/transparent-anti-droplet-dust-proof-medical-face-shield-face-cover-mask-p-200336.html,$4.60,$5.98 
Transparent Anti Droplet Dust-proof Medical Face Shield Face Cover Mask HHI-581539,https://www.tinydeal.com/transparent-anti-droplet-dust-proof-medical-face-shield-face-cover-mask-p-200336.html,$4.60,$5.98 
Transparent Anti Droplet Dust-proof Medical Face Shield Face Cover Mask HHI-581539,https://www.tinydeal.com/transparent-anti-droplet-dust-proof-medical-face-shield-face-cover-mask-p-200336.html,$4.60,$5.98 
Transparent Anti Droplet Dust-proof Medical Face Shield Face Cover Mask HHI-581539,https://www.tinydeal.com/transparent-anti-droplet-dust-proof-medical-face-shield-face-cover-mask-p-200336.html,$4.60,$5.98 
Transparent Anti Droplet Dust-proof Medical Face Shield Face Cover Mask HHI-581539,https://www.tinydeal.com/transparent-anti-droplet-dust-proof-medical-face-shield-face-cover-mask-p-200336.html,$4.60,$5.98 
Transparent Anti Droplet Dust-proof Medical Face Shield Face Cover Mask HHI-581539,https://www.tinydeal.com/transparent-anti-droplet-dust-proof-medical-face-shield-face-cover-mask-p-200336.html,$4.60,$5.98 
Transparent Anti Droplet Dust-proof Medical Face Shield Face Cover Mask HHI-581539,https://www.tinydeal.com/transparent-anti-droplet-dust-proof-medical-face-shield-face-cover-mask-p-200336.html,$4.60,$5.98 
Transparent Anti Droplet Dust-proof Medical Face Shield Face Cover Mask HHI-581539,https://www.tinydeal.com/transparent-anti-droplet-dust-proof-medical-face-shield-face-cover-mask-p-200336.html,$4.60,$5.98 
Transparent Anti Droplet Dust-proof Medical Face Shield Face Cover Mask HHI-581539,https://www.tinydeal.com/transparent-anti-droplet-dust-proof-medical-face-shield-face-cover-mask-p-200336.html,$4.60,$5.98 
Transparent Anti Droplet Dust-proof Medical Face Shield Face Cover Mask HHI-581539,https://www.tinydeal.com/transparent-anti-droplet-dust-proof-medical-face-shield-face-cover-mask-p-200336.html,$4.60,$5.98 
Transparent Anti Droplet Dust-proof Medical Face Shield Face Cover Mask HHI-581539,https://www.tinydeal.com/transparent-anti-droplet-dust-proof-medical-face-shield-face-cover-mask-p-200336.html,$4.60,$5.98 
Transparent Anti Droplet Dust-proof Medical Face Shield Face Cover Mask HHI-581539,https://www.tinydeal.com/transparent-anti-droplet-dust-proof-medical-face-shield-face-cover-mask-p-200336.html,$4.60,$5.98 
Transparent Anti Droplet Dust-proof Medical Face Shield Face Cover Mask HHI-581539,https://www.tinydeal.com/transparent-anti-droplet-dust-proof-medical-face-shield-face-cover-mask-p-200336.html,$4.60,$5.98 
Transparent Anti Droplet Dust-proof Medical Face Shield Face Cover Mask HHI-581539,https://www.tinydeal.com/transparent-anti-droplet-dust-proof-medical-face-shield-face-cover-mask-p-200336.html,$4.60,$5.98 
Transparent Anti Droplet Dust-proof Medical Face Shield Face Cover Mask HHI-581539,https://www.tinydeal.com/transparent-anti-droplet-dust-proof-medical-face-shield-face-cover-mask-p-200336.html,$4.60,$5.98 
Transparent Anti Droplet Dust-proof Medical Face Shield Face Cover Mask HHI-581539,https://www.tinydeal.com/transparent-anti-droplet-dust-proof-medical-face-shield-face-cover-mask-p-200336.html,$4.60,$5.98 
Transparent Anti Droplet Dust-proof Medical Face Shield Face Cover Mask HHI-581539,https://www.tinydeal.com/transparent-anti-droplet-dust-proof-medical-face-shield-face-cover-mask-p-200336.html,$4.60,$5.98 
Transparent Anti Droplet Dust-proof Medical Face Shield Face Cover Mask HHI-581539,https://www.tinydeal.com/transparent-anti-droplet-dust-proof-medical-face-shield-face-cover-mask-p-200336.html,$4.60,$5.98 
Transparent Anti Droplet Dust-proof Medical Face Shield Face Cover Mask HHI-581539,https://www.tinydeal.com/transparent-anti-droplet-dust-proof-medical-face-shield-face-cover-mask-p-200336.html,$4.60,$5.98 
Transparent Anti Droplet Dust-proof Medical Face Shield Face Cover Mask HHI-581539,https://www.tinydeal.com/transparent-anti-droplet-dust-proof-medical-face-shield-face-cover-mask-p-200336.html,$4.60,$5.98 
Transparent Anti Droplet Dust-proof Medical Face Shield Face Cover Mask HHI-581539,https://www.tinydeal.com/transparent-anti-droplet-dust-proof-medical-face-shield-face-cover-mask-p-200336.html,$4.60,$5.98 
Transparent Anti Droplet Dust-proof Medical Face Shield Face Cover Mask HHI-581539,https://www.tinydeal.com/transparent-anti-droplet-dust-proof-medical-face-shield-face-cover-mask-p-200336.html,$4.60,$5.98 
Transparent Anti Droplet Dust-proof Medical Face Shield Face Cover Mask HHI-581539,https://www.tinydeal.com/transparent-anti-droplet-dust-proof-medical-face-shield-face-cover-mask-p-200336.html,$4.60,$5.98 
Transparent Anti Droplet Dust-proof Medical Face Shield Face Cover Mask HHI-581539,https://www.tinydeal.com/transparent-anti-droplet-dust-proof-medical-face-shield-face-cover-mask-p-200336.html,$4.60,$5.98 
Transparent Anti Droplet Dust-proof Medical Face Shield Face Cover Mask HHI-581539,https://www.tinydeal.com/transparent-anti-droplet-dust-proof-medical-face-shield-face-cover-mask-p-200336.html,$4.60,$5.98 
Transparent Anti Droplet Dust-proof Medical Face Shield Face Cover Mask HHI-581539,https://www.tinydeal.com/transparent-anti-droplet-dust-proof-medical-face-shield-face-cover-mask-p-200336.html,$4.60,$5.98 
Transparent Anti Droplet Dust-proof Medical Face Shield Face Cover Mask HHI-581539,https://www.tinydeal.com/transparent-anti-droplet-dust-proof-medical-face-shield-face-cover-mask-p-200336.html,$4.60,$5.98 
Transparent Anti Droplet Dust-proof Medical Face Shield Face Cover Mask HHI-581539,https://www.tinydeal.com/transparent-anti-droplet-dust-proof-medical-face-shield-face-cover-mask-p-200336.html,$4.60,$5.98 
Transparent Anti Droplet Dust-proof Medical Face Shield Face Cover Mask HHI-581539,https://www.tinydeal.com/transparent-anti-droplet-dust-proof-medical-face-shield-face-cover-mask-p-200336.html,$4.60,$5.98 
Transparent Anti Droplet Dust-proof Medical Face Shield Face Cover Mask HHI-581539,https://www.tinydeal.com/transparent-anti-droplet-dust-proof-medical-face-shield-face-cover-mask-p-200336.html,$4.60,$5.98 
Transparent Anti Droplet Dust-proof Medical Face Shield Face Cover Mask HHI-581539,https://www.tinydeal.com/transparent-anti-droplet-dust-proof-medical-face-shield-face-cover-mask-p-200336.html,$4.60,$5.98 
Transparent Anti Droplet Dust-proof Medical Face Shield Face Cover Mask HHI-581539,https://www.tinydeal.com/transparent-anti-droplet-dust-proof-medical-face-shield-face-cover-mask-p-200336.html,$4.60,$5.98 
Transparent Anti Droplet Dust-proof Medical Face Shield Face Cover Mask HHI-581539,https://www.tinydeal.com/transparent-anti-droplet-dust-proof-medical-face-shield-face-cover-mask-p-200336.html,$4.60,$5.98 
Transparent Anti Droplet Dust-proof Medical Face Shield Face Cover Mask HHI-581539,https://www.tinydeal.com/transparent-anti-droplet-dust-proof-medical-face-shield-face-cover-mask-p-200336.html,$4.60,$5.98 
Transparent Anti Droplet Dust-proof Medical Face Shield Face Cover Mask HHI-581539,https://www.tinydeal.com/transparent-anti-droplet-dust-proof-medical-face-shield-face-cover-mask-p-200336.html,$4.60,$5.98 
Transparent Anti Droplet Dust-proof Medical Face Shield Face Cover Mask HHI-581539,https://www.tinydeal.com/transparent-anti-droplet-dust-proof-medical-face-shield-face-cover-mask-p-200336.html,$4.60,$5.98 
Transparent Anti Droplet Dust-proof Medical Face Shield Face Cover Mask HHI-581539,https://www.tinydeal.com/transparent-anti-droplet-dust-proof-medical-face-shield-face-cover-mask-p-200336.html,$4.60,$5.98 
Transparent Anti Droplet Dust-proof Medical Face Shield Face Cover Mask HHI-581539,https://www.tinydeal.com/transparent-anti-droplet-dust-proof-medical-face-shield-face-cover-mask-p-200336.html,$4.60,$5.98 
Transparent Anti Droplet Dust-proof Medical Face Shield Face Cover Mask HHI-581539,https://www.tinydeal.com/transparent-anti-droplet-dust-proof-medical-face-shield-face-cover-mask-p-200336.html,$4.60,$5.98 
Transparent Anti Droplet Dust-proof Medical Face Shield Face Cover Mask HHI-581539,https://www.tinydeal.com/transparent-anti-droplet-dust-proof-medical-face-shield-face-cover-mask-p-200336.html,$4.60,$5.98 
Transparent Anti Droplet Dust-proof Medical Face Shield Face Cover Mask HHI-581539,https://www.tinydeal.com/transparent-anti-droplet-dust-proof-medical-face-shield-face-cover-mask-p-200336.html,$4.60,$5.98 
Transparent Anti Droplet Dust-proof Medical Face Shield Face Cover Mask HHI-581539,https://www.tinydeal.com/transparent-anti-droplet-dust-proof-medical-face-shield-face-cover-mask-p-200336.html,$4.60,$5.98 
Transparent Anti Droplet Dust-proof Medical Face Shield Face Cover Mask HHI-581539,https://www.tinydeal.com/transparent-anti-droplet-dust-proof-medical-face-shield-face-cover-mask-p-200336.html,$4.60,$5.98 
Transparent Anti Droplet Dust-proof Medical Face Shield Face Cover Mask HHI-581539,https://www.tinydeal.com/transparent-anti-droplet-dust-proof-medical-face-shield-face-cover-mask-p-200336.html,$4.60,$5.98 
Transparent Anti Droplet Dust-proof Medical Face Shield Face Cover Mask HHI-581539,https://www.tinydeal.com/transparent-anti-droplet-dust-proof-medical-face-shield-face-cover-mask-p-200336.html,$4.60,$5.98 
Transparent Anti Droplet Dust-proof Medical Face Shield Face Cover Mask HHI-581539,https://www.tinydeal.com/transparent-anti-droplet-dust-proof-medical-face-shield-face-cover-mask-p-200336.html,$4.60,$5.98 
Transparent Anti Droplet Dust-proof Medical Face Shield Face Cover Mask HHI-581539,https://www.tinydeal.com/transparent-anti-droplet-dust-proof-medical-face-shield-face-cover-mask-p-200336.html,$4.60,$5.98 
Transparent Anti Droplet Dust-proof Medical Face Shield Face Cover Mask HHI-581539,https://www.tinydeal.com/transparent-anti-droplet-dust-proof-medical-face-shield-face-cover-mask-p-200336.html,$4.60,$5.98 
Transparent Anti Droplet Dust-proof Medical Face Shield Face Cover Mask HHI-581539,https://www.tinydeal.com/transparent-anti-droplet-dust-proof-medical-face-shield-face-cover-mask-p-200336.html,$4.60,$5.98 
Transparent Anti Droplet Dust-proof Medical Face Shield Face Cover Mask HHI-581539,https://www.tinydeal.com/transparent-anti-droplet-dust-proof-medical-face-shield-face-cover-mask-p-200336.html,$4.60,$5.98 
Transparent Anti Droplet Dust-proof Medical Face Shield Face Cover Mask HHI-581539,https://www.tinydeal.com/transparent-anti-droplet-dust-proof-medical-face-shield-face-cover-mask-p-200336.html,$4.60,$5.98 
Transparent Anti Droplet Dust-proof Medical Face Shield Face Cover Mask HHI-581539,https://www.tinydeal.com/transparent-anti-droplet-dust-proof-medical-face-shield-face-cover-mask-p-200336.html,$4.60,$5.98 
Transparent Anti Droplet Dust-proof Medical Face Shield Face Cover Mask HHI-581539,https://www.tinydeal.com/transparent-anti-droplet-dust-proof-medical-face-shield-face-cover-mask-p-200336.html,$4.60,$5.98 
Transparent Anti Droplet Dust-proof Medical Face Shield Face Cover Mask HHI-581539,https://www.tinydeal.com/transparent-anti-droplet-dust-proof-medical-face-shield-face-cover-mask-p-200336.html,$4.60,$5.98 
Transparent Anti Droplet Dust-proof Medical Face Shield Face Cover Mask HHI-581539,https://www.tinydeal.com/transparent-anti-droplet-dust-proof-medical-face-shield-face-cover-mask-p-200336.html,$4.60,$5.98 
Transparent Anti Droplet Dust-proof Medical Face Shield Face Cover Mask HHI-581539,https://www.tinydeal.com/transparent-anti-droplet-dust-proof-medical-face-shield-face-cover-mask-p-200336.html,$4.60,$5.98 
QCY T4 TWS Wireless Headphones Mini HD Stereo Bluetooth Earphones EEP-581698,https://www.tinydeal.com/qcy-t4-tws-wireless-headphones-mini-hd-stereo-bluetooth-earphones-p-201113.html,$4.60,$5.98 
QCY T4 TWS Wireless Headphones Mini HD Stereo Bluetooth Earphones EEP-581698,https://www.tinydeal.com/qcy-t4-tws-wireless-headphones-mini-hd-stereo-bluetooth-earphones-p-201113.html,$4.60,$5.98 
QCY T4 TWS Wireless Headphones Mini HD Stereo Bluetooth Earphones EEP-581698,https://www.tinydeal.com/qcy-t4-tws-wireless-headphones-mini-hd-stereo-bluetooth-earphones-p-201113.html,$4.60,$5.98 
QCY T4 TWS Wireless Headphones Mini HD Stereo Bluetooth Earphones EEP-581698,https://www.tinydeal.com/qcy-t4-tws-wireless-headphones-mini-hd-stereo-bluetooth-earphones-p-201113.html,$4.60,$5.98 
QCY T4 TWS Wireless Headphones Mini HD Stereo Bluetooth Earphones EEP-581698,https://www.tinydeal.com/qcy-t4-tws-wireless-headphones-mini-hd-stereo-bluetooth-earphones-p-201113.html,$4.60,$5.98 
QCY T4 TWS Wireless Headphones Mini HD Stereo Bluetooth Earphones EEP-581698,https://www.tinydeal.com/qcy-t4-tws-wireless-headphones-mini-hd-stereo-bluetooth-earphones-p-201113.html,$4.60,$5.98 
QCY T4 TWS Wireless Headphones Mini HD Stereo Bluetooth Earphones EEP-581698,https://www.tinydeal.com/qcy-t4-tws-wireless-headphones-mini-hd-stereo-bluetooth-earphones-p-201113.html,$4.60,$5.98 
QCY T4 TWS Wireless Headphones Mini HD Stereo Bluetooth Earphones EEP-581698,https://www.tinydeal.com/qcy-t4-tws-wireless-headphones-mini-hd-stereo-bluetooth-earphones-p-201113.html,$4.60,$5.98 
QCY T4 TWS Wireless Headphones Mini HD Stereo Bluetooth Earphones EEP-581698,https://www.tinydeal.com/qcy-t4-tws-wireless-headphones-mini-hd-stereo-bluetooth-earphones-p-201113.html,$4.60,$5.98 
QCY T4 TWS Wireless Headphones Mini HD Stereo Bluetooth Earphones EEP-581698,https://www.tinydeal.com/qcy-t4-tws-wireless-headphones-mini-hd-stereo-bluetooth-earphones-p-201113.html,$4.60,$5.98 
QCY T4 TWS Wireless Headphones Mini HD Stereo Bluetooth Earphones EEP-581698,https://www.tinydeal.com/qcy-t4-tws-wireless-headphones-mini-hd-stereo-bluetooth-earphones-p-201113.html,$4.60,$5.98 
QCY T4 TWS Wireless Headphones Mini HD Stereo Bluetooth Earphones EEP-581698,https://www.tinydeal.com/qcy-t4-tws-wireless-headphones-mini-hd-stereo-bluetooth-earphones-p-201113.html,$4.60,$5.98 
QCY T4 TWS Wireless Headphones Mini HD Stereo Bluetooth Earphones EEP-581698,https://www.tinydeal.com/qcy-t4-tws-wireless-headphones-mini-hd-stereo-bluetooth-earphones-p-201113.html,$4.60,$5.98 
QCY T4 TWS Wireless Headphones Mini HD Stereo Bluetooth Earphones EEP-581698,https://www.tinydeal.com/qcy-t4-tws-wireless-headphones-mini-hd-stereo-bluetooth-earphones-p-201113.html,$4.60,$5.98 
QCY T4 TWS Wireless Headphones Mini HD Stereo Bluetooth Earphones EEP-581698,https://www.tinydeal.com/qcy-t4-tws-wireless-headphones-mini-hd-stereo-bluetooth-earphones-p-201113.html,$4.60,$5.98 
QCY T4 TWS Wireless Headphones Mini HD Stereo Bluetooth Earphones EEP-581698,https://www.tinydeal.com/qcy-t4-tws-wireless-headphones-mini-hd-stereo-bluetooth-earphones-p-201113.html,$4.60,$5.98 
QCY T4 TWS Wireless Headphones Mini HD Stereo Bluetooth Earphones EEP-581698,https://www.tinydeal.com/qcy-t4-tws-wireless-headphones-mini-hd-stereo-bluetooth-earphones-p-201113.html,$4.60,$5.98 
QCY T4 TWS Wireless Headphones Mini HD Stereo Bluetooth Earphones EEP-581698,https://www.tinydeal.com/qcy-t4-tws-wireless-headphones-mini-hd-stereo-bluetooth-earphones-p-201113.html,$4.60,$5.98 
QCY T4 TWS Wireless Headphones Mini HD Stereo Bluetooth Earphones EEP-581698,https://www.tinydeal.com/qcy-t4-tws-wireless-headphones-mini-hd-stereo-bluetooth-earphones-p-201113.html,$4.60,$5.98 
QCY T4 TWS Wireless Headphones Mini HD Stereo Bluetooth Earphones EEP-581698,https://www.tinydeal.com/qcy-t4-tws-wireless-headphones-mini-hd-stereo-bluetooth-earphones-p-201113.html,$4.60,$5.98 
QCY T4 TWS Wireless Headphones Mini HD Stereo Bluetooth Earphones EEP-581698,https://www.tinydeal.com/qcy-t4-tws-wireless-headphones-mini-hd-stereo-bluetooth-earphones-p-201113.html,$4.60,$5.98 
QCY T4 TWS Wireless Headphones Mini HD Stereo Bluetooth Earphones EEP-581698,https://www.tinydeal.com/qcy-t4-tws-wireless-headphones-mini-hd-stereo-bluetooth-earphones-p-201113.html,$4.60,$5.98 
QCY T4 TWS Wireless Headphones Mini HD Stereo Bluetooth Earphones EEP-581698,https://www.tinydeal.com/qcy-t4-tws-wireless-headphones-mini-hd-stereo-bluetooth-earphones-p-201113.html,$4.60,$5.98 
QCY T4 TWS Wireless Headphones Mini HD Stereo Bluetooth Earphones EEP-581698,https://www.tinydeal.com/qcy-t4-tws-wireless-headphones-mini-hd-stereo-bluetooth-earphones-p-201113.html,$4.60,$5.98 
QCY T4 TWS Wireless Headphones Mini HD Stereo Bluetooth Earphones EEP-581698,https://www.tinydeal.com/qcy-t4-tws-wireless-headphones-mini-hd-stereo-bluetooth-earphones-p-201113.html,$4.60,$5.98 
QCY T4 TWS Wireless Headphones Mini HD Stereo Bluetooth Earphones EEP-581698,https://www.tinydeal.com/qcy-t4-tws-wireless-headphones-mini-hd-stereo-bluetooth-earphones-p-201113.html,$4.60,$5.98 
QCY T4 TWS Wireless Headphones Mini HD Stereo Bluetooth Earphones EEP-581698,https://www.tinydeal.com/qcy-t4-tws-wireless-headphones-mini-hd-stereo-bluetooth-earphones-p-201113.html,$4.60,$5.98 
QCY T4 TWS Wireless Headphones Mini HD Stereo Bluetooth Earphones EEP-581698,https://www.tinydeal.com/qcy-t4-tws-wireless-headphones-mini-hd-stereo-bluetooth-earphones-p-201113.html,$4.60,$5.98 
QCY T4 TWS Wireless Headphones Mini HD Stereo Bluetooth Earphones EEP-581698,https://www.tinydeal.com/qcy-t4-tws-wireless-headphones-mini-hd-stereo-bluetooth-earphones-p-201113.html,$4.60,$5.98 
QCY T4 TWS Wireless Headphones Mini HD Stereo Bluetooth Earphones EEP-581698,https://www.tinydeal.com/qcy-t4-tws-wireless-headphones-mini-hd-stereo-bluetooth-earphones-p-201113.html,$4.60,$5.98 
QCY T4 TWS Wireless Headphones Mini HD Stereo Bluetooth Earphones EEP-581698,https://www.tinydeal.com/qcy-t4-tws-wireless-headphones-mini-hd-stereo-bluetooth-earphones-p-201113.html,$4.60,$5.98 
QCY T4 TWS Wireless Headphones Mini HD Stereo Bluetooth Earphones EEP-581698,https://www.tinydeal.com/qcy-t4-tws-wireless-headphones-mini-hd-stereo-bluetooth-earphones-p-201113.html,$4.60,$5.98 
QCY T4 TWS Wireless Headphones Mini HD Stereo Bluetooth Earphones EEP-581698,https://www.tinydeal.com/qcy-t4-tws-wireless-headphones-mini-hd-stereo-bluetooth-earphones-p-201113.html,$4.60,$5.98 
QCY T4 TWS Wireless Headphones Mini HD Stereo Bluetooth Earphones EEP-581698,https://www.tinydeal.com/qcy-t4-tws-wireless-headphones-mini-hd-stereo-bluetooth-earphones-p-201113.html,$4.60,$5.98 
QCY T4 TWS Wireless Headphones Mini HD Stereo Bluetooth Earphones EEP-581698,https://www.tinydeal.com/qcy-t4-tws-wireless-headphones-mini-hd-stereo-bluetooth-earphones-p-201113.html,$4.60,$5.98 
QCY T4 TWS Wireless Headphones Mini HD Stereo Bluetooth Earphones EEP-581698,https://www.tinydeal.com/qcy-t4-tws-wireless-headphones-mini-hd-stereo-bluetooth-earphones-p-201113.html,$4.60,$5.98 
QCY T4 TWS Wireless Headphones Mini HD Stereo Bluetooth Earphones EEP-581698,https://www.tinydeal.com/qcy-t4-tws-wireless-headphones-mini-hd-stereo-bluetooth-earphones-p-201113.html,$4.60,$5.98 
QCY T4 TWS Wireless Headphones Mini HD Stereo Bluetooth Earphones EEP-581698,https://www.tinydeal.com/qcy-t4-tws-wireless-headphones-mini-hd-stereo-bluetooth-earphones-p-201113.html,$4.60,$5.98 
QCY T4 TWS Wireless Headphones Mini HD Stereo Bluetooth Earphones EEP-581698,https://www.tinydeal.com/qcy-t4-tws-wireless-headphones-mini-hd-stereo-bluetooth-earphones-p-201113.html,$4.60,$5.98 
QCY T4 TWS Wireless Headphones Mini HD Stereo Bluetooth Earphones EEP-581698,https://www.tinydeal.com/qcy-t4-tws-wireless-headphones-mini-hd-stereo-bluetooth-earphones-p-201113.html,$4.60,$5.98 
QCY T4 TWS Wireless Headphones Mini HD Stereo Bluetooth Earphones EEP-581698,https://www.tinydeal.com/qcy-t4-tws-wireless-headphones-mini-hd-stereo-bluetooth-earphones-p-201113.html,$4.60,$5.98 
QCY T4 TWS Wireless Headphones Mini HD Stereo Bluetooth Earphones EEP-581698,https://www.tinydeal.com/qcy-t4-tws-wireless-headphones-mini-hd-stereo-bluetooth-earphones-p-201113.html,$4.60,$5.98 
QCY T4 TWS Wireless Headphones Mini HD Stereo Bluetooth Earphones EEP-581698,https://www.tinydeal.com/qcy-t4-tws-wireless-headphones-mini-hd-stereo-bluetooth-earphones-p-201113.html,$4.60,$5.98 
QCY T4 TWS Wireless Headphones Mini HD Stereo Bluetooth Earphones EEP-581698,https://www.tinydeal.com/qcy-t4-tws-wireless-headphones-mini-hd-stereo-bluetooth-earphones-p-201113.html,$4.60,$5.98 
QCY T4 TWS Wireless Headphones Mini HD Stereo Bluetooth Earphones EEP-581698,https://www.tinydeal.com/qcy-t4-tws-wireless-headphones-mini-hd-stereo-bluetooth-earphones-p-201113.html,$4.60,$5.98 
QCY T4 TWS Wireless Headphones Mini HD Stereo Bluetooth Earphones EEP-581698,https://www.tinydeal.com/qcy-t4-tws-wireless-headphones-mini-hd-stereo-bluetooth-earphones-p-201113.html,$4.60,$5.98 
QCY T4 TWS Wireless Headphones Mini HD Stereo Bluetooth Earphones EEP-581698,https://www.tinydeal.com/qcy-t4-tws-wireless-headphones-mini-hd-stereo-bluetooth-earphones-p-201113.html,$4.60,$5.98 
QCY T4 TWS Wireless Headphones Mini HD Stereo Bluetooth Earphones EEP-581698,https://www.tinydeal.com/qcy-t4-tws-wireless-headphones-mini-hd-stereo-bluetooth-earphones-p-201113.html,$4.60,$5.98 
QCY T4 TWS Wireless Headphones Mini HD Stereo Bluetooth Earphones EEP-581698,https://www.tinydeal.com/qcy-t4-tws-wireless-headphones-mini-hd-stereo-bluetooth-earphones-p-201113.html,$4.60,$5.98 
QCY T4 TWS Wireless Headphones Mini HD Stereo Bluetooth Earphones EEP-581698,https://www.tinydeal.com/qcy-t4-tws-wireless-headphones-mini-hd-stereo-bluetooth-earphones-p-201113.html,$4.60,$5.98 
QCY T4 TWS Wireless Headphones Mini HD Stereo Bluetooth Earphones EEP-581698,https://www.tinydeal.com/qcy-t4-tws-wireless-headphones-mini-hd-stereo-bluetooth-earphones-p-201113.html,$4.60,$5.98 
QCY T4 TWS Wireless Headphones Mini HD Stereo Bluetooth Earphones EEP-581698,https://www.tinydeal.com/qcy-t4-tws-wireless-headphones-mini-hd-stereo-bluetooth-earphones-p-201113.html,$4.60,$5.98 
QCY T4 TWS Wireless Headphones Mini HD Stereo Bluetooth Earphones EEP-581698,https://www.tinydeal.com/qcy-t4-tws-wireless-headphones-mini-hd-stereo-bluetooth-earphones-p-201113.html,$4.60,$5.98 
QCY T4 TWS Wireless Headphones Mini HD Stereo Bluetooth Earphones EEP-581698,https://www.tinydeal.com/qcy-t4-tws-wireless-headphones-mini-hd-stereo-bluetooth-earphones-p-201113.html,$4.60,$5.98 
QCY T4 TWS Wireless Headphones Mini HD Stereo Bluetooth Earphones EEP-581698,https://www.tinydeal.com/qcy-t4-tws-wireless-headphones-mini-hd-stereo-bluetooth-earphones-p-201113.html,$4.60,$5.98 
QCY T4 TWS Wireless Headphones Mini HD Stereo Bluetooth Earphones EEP-581698,https://www.tinydeal.com/qcy-t4-tws-wireless-headphones-mini-hd-stereo-bluetooth-earphones-p-201113.html,$4.60,$5.98 
